listing_id,list_price,pull_date,permalink,Address,Address_lat,Address_long,central_air,recreation_facilities,basement,rental_property,dishwasher,hardwood_floors,central_heat,disability_features,fireplace,pets_allowed,washer_dryer,two_or_more_stories,garage_1_or_more,garage_2_or_more,garage_3_or_more,updated_kitchen,high_ceiling,master_bedroom,big_lot,forced_air,park,shopping,modern_kitchen,large_kitchen,medicalcare,laundry_room,granite_kitchen,open_kitchen,trails,maintenance,single_story,dining_room,family_room,fenced_yard,private_bathroom,open_floor_plan,floor_plan,ensuite,groundscare,river_view,view,water_view,gourmet_kitchen,efficient,corner_lot,furniture,community_swimming_pool,big_yard,private_backyard,community_outdoor_space,front_porch,lake_view,waterfront,views,lake,beach,new_construction,vaulted_ceiling,spa_or_hot_tub,basketball_court,tennis_court,playground,tennis,basketball,no_hoa,carport,master_suite,library,clubhouse,new_roof,large_porch,soccer,farm,dual_master_bedroom,community_gym,den_or_office,golf_course,jack_and_jill_bathroom,ranch,guest_parking,pond,wooded_land,city_view,swimming_pool,elevator,beds,baths,baths_full,baths_half,baths_1qtr,baths_3qtr,garage,stories,type,sub_type,lot_sqft,sqft,year_built,sold_price,sold_date,name,school_ids,elementary_school_rating,middle_school_rating,high_school_rating
2959588979,1500,2023-12-17 18:56:06.172429,https://www.realtor.com/realestateandhomes-detail/1300-N-Hudson-St-3_Arlington_VA_22201_M94823-05526,"1300 N Hudson St Unit 3 Arlington, VA 22201",38.887753,-77.097725,1,1,1,1,0,0,0,0,0,0,0,0,0,0,0,0,0,0,0,0,0,0,0,0,0,0,0,0,0,0,0,0,0,0,0,0,0,0,0,0,0,0,0,0,0,0,0,0,0,0,0,0,0,0,0,0,0,0,0,0,0,0,0,0,0,0,0,0,0,0,0,0,0,0,0,0,0,0,0,0,0,0,0,0,0,0,1,1,None,None,None,None,None,single_family,None,3759,4010,1940,None,None,None,"['Washington-Liberty-High-School-0772859031', 'Dorothy-Hamm-Middle-0772967701']",0,0,5
2950566630,1100,2023-12-17 18:56:06.172429,https://www.realtor.com/realestateandhomes-detail/Gmu-at-Forest-Ave_Fairfax_VA_22030_M92433-09434,"Gmu at Forest Ave and University Dr Fairfax, VA 22030",38.8314578,-77.3117471,0,0,0,1,1,1,0,0,0,0,0,0,0,0,0,0,0,0,0,0,0,0,0,0,0,0,0,0,0,0,0,0,0,0,0,0,0,0,0,0,0,0,0,0,0,0,0,0,0,0,0,0,0,0,0,0,0,0,0,0,0,0,0,0,0,0,0,0,0,0,0,0,0,0,0,0,0,0,0,0,0,0,0,0,0,1,1,1,None,None,None,None,None,single_family,None,None,5000,None,None,None,None,"['Oak-View-Elementary-School-0772865031', 'Woodson-High-School-0772865651', 'Frost-Middle-School-0772864151']",8,7,6
2962390212,4500,2023-12-17 18:56:06.172429,https://www.realtor.com/realestateandhomes-detail/6603-Byrnes-Dr_McLean_VA_22101_M57315-49838,"6603 Byrnes Dr McLean, VA 22101",38.917865,-77.170495,1,0,1,1,1,1,1,1,1,1,1,1,1,1,1,1,1,1,1,0,0,0,0,0,0,0,0,0,0,0,0,0,0,0,0,0,0,0,0,0,0,0,0,0,0,0,0,0,0,0,0,0,0,0,0,0,0,0,0,0,0,0,0,0,0,0,0,0,0,0,0,0,0,0,0,0,0,0,0,0,0,0,0,0,0,4,4,3,1,None,None,4,2,single_family,None,12834,6073,1956,240000,1998-08-03,None,"['Kent-Gardens-Elementary-School-0772864561', 'Longfellow-Middle-School-0772864811', 'Mclean-High-School-0772864921']",9,8,7
2960579743,2000,2023-12-17 18:56:06.172429,https://www.realtor.com/realestateandhomes-detail/6532-Chesterfield-Ave_McLean_VA_22101_M62432-19453,"6532 Chesterfield Ave McLean, VA 22101",38.915839,-77.168976,1,1,1,1,0,0,0,0,1,0,0,0,0,0,0,0,0,0,0,1,0,0,0,0,0,0,0,0,0,0,0,0,0,0,0,0,0,0,0,0,0,0,0,0,0,0,0,0,0,0,0,0,0,0,0,0,0,0,0,0,0,0,0,0,0,0,0,0,0,0,0,0,0,0,0,0,0,0,0,0,0,0,0,0,0,1,1,1,None,None,None,None,None,single_family,None,12400,4793,2017,None,None,None,"['Longfellow-Middle-School-0772864811', 'Kent-Gardens-Elementary-School-0772864561', 'Mclean-High-School-0772864921']",9,8,7
2948766567,1200,2023-12-17 18:56:06.172429,https://www.realtor.com/realestateandhomes-detail/306-N-Madison-St_Arlington_VA_22203_M92107-36829,"306 N Madison St Arlington, VA 22203",38.867573,-77.139107,1,0,0,1,0,0,0,0,0,0,0,1,0,0,0,0,0,0,0,1,1,1,0,0,0,0,0,0,0,0,0,0,0,0,0,0,0,0,0,0,0,0,0,0,0,0,0,0,0,0,0,0,0,0,0,0,0,0,0,0,0,0,0,0,0,0,0,0,0,0,0,0,0,0,0,0,0,0,0,0,0,0,0,0,0,1,1,1,None,None,None,None,None,single_family,None,None,None,None,None,None,None,"['Ashlawn-Elementary-School-0772858721', 'Kenmore-Middle-School-0772858861', 'Yorktown-High-School-0772859051']",9,8,7
2962204491,2500,2023-12-17 18:56:06.172429,https://www.realtor.com/realestateandhomes-detail/7613-Hamlet-St_Springfield_VA_22151_M55653-88521,"7613 Hamlet St Springfield, VA 22151",38.796882,-77.207459,1,0,0,0,0,0,0,1,0,0,0,0,0,0,0,0,0,0,0,1,0,0,1,1,1,0,0,0,0,0,0,0,0,0,0,0,0,0,0,0,0,0,0,0,0,0,0,0,0,0,0,0,0,0,0,0,0,0,0,0,0,0,0,0,0,0,0,0,0,0,0,0,0,0,0,0,0,0,0,0,0,0,0,0,0,1,1,1,None,None,None,None,None,single_family,None,15032,2248,1958,814800,2023-03-31,None,"['North-Springfield-Elementary-School-0772865021', 'Annandale-High-School-0772863561', 'Holmes-Middle-School-0772864451']",9,8,7
2960368606,3000,2023-12-17 18:56:06.172429,https://www.realtor.com/realestateandhomes-detail/8512-Overbrook-Rd_Fairfax_VA_22031_M63815-62707,"8512 Overbrook Rd Fairfax, VA 22031",38.863056,-77.23919,1,1,0,1,1,0,0,1,1,1,1,1,0,0,0,0,0,0,0,1,0,0,0,0,0,0,0,0,0,0,0,0,0,0,0,0,0,0,0,0,0,0,0,0,0,0,0,0,0,0,0,0,0,0,0,0,0,0,0,0,0,0,0,0,0,0,0,0,0,0,0,0,0,0,0,0,0,0,0,0,0,0,0,0,0,4,4,4,None,None,None,None,None,single_family,None,43560,2996,1951,445000,2003-12-02,None,"['Mantua-Elementary-School-0772864861', 'Woodson-High-School-0772865651', 'Frost-Middle-School-0772864151']",9,8,7
2962161825,3050,2023-12-17 18:56:06.172429,https://www.realtor.com/realestateandhomes-detail/5355-Holmes-Run-Pkwy_Alexandria_VA_22304_M57039-43662,nan,,,1,0,0,1,1,0,0,0,0,0,0,1,0,0,0,0,0,0,0,0,0,0,1,0,0,1,1,1,1,1,0,0,0,0,0,0,0,0,0,0,0,0,0,0,0,0,0,0,0,0,0,0,0,0,0,0,0,0,0,0,0,0,0,0,0,0,0,0,0,0,0,0,0,0,0,0,0,0,0,0,0,0,0,0,0,3,2,1,1,None,None,None,None,single_family,None,None,2134,None,439900,2013-10-31,None,"['James-K-Polk-Elementary-School-0772858151', 'Francis-C-Hammond-Middle-0772858121', 'Alexandria-City-High-School-0772858261']",9,8,7
2959565624,1500,2023-12-17 18:56:06.172429,https://www.realtor.com/realestateandhomes-detail/4850-Chowan-Ave_Alexandria_VA_22312_M55230-47960,"4850 Chowan Ave Alexandria, VA 22312",38.817745,-77.152377,1,0,1,1,0,0,0,0,0,0,1,0,0,0,0,0,0,0,0,0,0,0,0,0,0,0,0,0,0,0,1,0,0,0,0,0,0,0,0,0,0,0,0,0,0,0,0,0,0,0,0,0,0,0,0,0,0,0,0,0,0,0,0,0,0,0,0,0,0,0,0,0,0,0,0,0,0,0,0,0,0,0,0,0,0,1,1,1,None,None,None,None,None,single_family,None,27000,1445,1952,480000,2009-01-30,None,"['Holmes-Middle-School-0772864451', 'Weyanoke-Elementary-School-0772865561', 'Annandale-High-School-0772863561']",9,8,7
2960744790,1200,2023-12-17 18:56:06.172429,https://www.realtor.com/realestateandhomes-detail/9814-Portside-Dr_Burke_VA_22015_M64287-76729,"9814 Portside Dr Burke, VA 22015",38.764381,-77.285435,0,0,1,1,0,0,0,0,0,0,0,0,0,0,0,0,0,0,0,0,0,0,0,0,0,0,0,0,0,0,0,0,0,0,0,0,0,0,0,0,0,0,0,0,0,0,0,0,0,0,0,0,0,0,0,0,0,0,0,0,0,0,0,0,0,0,0,0,0,0,0,0,0,0,0,0,0,0,0,0,0,0,0,0,0,1,1,1,None,None,None,None,None,single_family,None,None,None,None,1350000,2022-05-18,None,"['Cherry-Run-Elementary-School-0772866011', 'Lake-Braddock-Secondary-0772864661']",9,8,7
2962579925,2900,2023-12-17 18:56:06.172429,https://www.realtor.com/realestateandhomes-detail/1670-N-Longfellow-St_Arlington_VA_22205_M60030-05297,"1670 N Longfellow St Arlington, VA 22205",38.886082,-77.140581,1,0,1,0,0,1,1,0,0,1,0,0,0,0,0,0,0,0,0,0,0,0,0,0,0,0,0,0,0,0,0,0,0,0,0,0,0,0,0,0,0,0,0,0,0,0,0,0,0,0,0,0,0,0,0,0,0,0,0,0,0,0,0,0,0,0,0,0,0,0,0,0,0,0,0,0,0,0,0,0,0,0,0,0,0,2,1,1,None,None,None,None,None,single_family,None,13500,1296,1938,None,None,None,"['Swanson-Middle-School-0772858951', 'McKinley-Elementary-School-0772858911', 'Yorktown-High-School-0772859051']",9,8,7
2916128507,1700,2023-12-17 18:56:06.172429,https://www.realtor.com/realestateandhomes-detail/2526-24th-St-N_Arlington_VA_22207_M54214-69744,"2526 24th St N Arlington, VA 22207",38.900474,-77.091795,0,0,0,1,0,0,0,0,0,0,0,0,0,0,0,0,0,0,0,0,0,0,0,0,0,0,0,0,0,0,1,0,0,0,0,0,0,0,0,0,0,0,0,0,0,0,0,0,0,0,0,0,0,0,0,0,0,0,0,0,0,0,0,0,0,0,0,0,0,0,0,0,0,0,0,0,0,0,0,0,0,0,0,0,0,1,1,1,None,None,None,None,None,single_family,None,None,650,1940,None,None,None,['Dorothy-Hamm-Middle-0772967701'],9,8,7
2961432920,6500,2023-12-17 18:56:06.172429,https://www.realtor.com/realestateandhomes-detail/3207-19th-St-N_Arlington_VA_22201_M51759-76236,"3207 19th St N Arlington, VA 22201",38.893837,-77.099268,1,0,1,0,1,1,0,0,1,1,1,0,1,0,0,1,0,0,0,1,1,1,0,0,0,0,0,0,0,0,0,1,1,1,1,1,1,1,1,0,0,0,0,0,0,0,0,0,0,0,0,0,0,0,0,0,0,0,0,0,0,0,0,0,0,0,0,0,0,0,0,0,0,0,0,0,0,0,0,0,0,0,0,0,0,5,4,3,1,None,None,1,None,single_family,None,4468,3451,1940,1112500,2017-12-28,None,"['Washington-Liberty-High-School-0772859031', 'Dorothy-Hamm-Middle-0772967701']",9,8,7
2959729406,2200,2023-12-17 18:56:06.172429,https://www.realtor.com/realestateandhomes-detail/6034-Chesterbrook-Rd-B_McLean_VA_22101_M94963-01791,"6034 Chesterbrook Rd Unit B McLean, VA 22101",38.923393,-77.144005,1,0,1,1,0,0,1,0,1,1,1,1,0,0,0,0,0,0,0,0,1,1,1,0,0,0,0,0,0,0,0,0,0,0,0,0,0,0,0,1,1,1,0,0,0,0,0,0,0,0,0,0,0,0,0,0,0,0,0,0,0,0,0,0,0,0,0,0,0,0,0,0,0,0,0,0,0,0,0,0,0,0,0,0,0,1,1,1,None,None,None,None,None,single_family,None,12197,3648,1974,None,None,None,"['Chesterbrook-Elementary-School-0772863761', 'Longfellow-Middle-School-0772864811', 'Mclean-High-School-0772864921']",9,8,7
2961720765,3895,2023-12-17 18:56:06.172429,https://www.realtor.com/realestateandhomes-detail/7304-Exmore-St_Springfield_VA_22150_M59015-81036,"7304 Exmore St Springfield, VA 22150",38.781631,-77.195556,1,0,0,1,1,0,0,1,0,0,0,1,0,0,0,0,0,0,0,1,1,1,0,0,0,0,0,0,0,1,0,0,1,0,0,1,1,0,0,0,0,0,1,1,0,0,0,0,0,0,0,0,0,0,0,0,0,0,0,0,0,0,0,0,0,0,0,0,0,0,0,0,0,0,0,0,0,0,0,0,0,0,0,0,0,4,5,4,1,None,None,None,None,single_family,None,10368,1954,1954,560000,2023-04-03,None,"['Crestwood-Elementary-School-0772863851', 'John-R.-Lewis-High-School-0772864741', 'Key-Middle-School-0772864611']",9,8,7
2961987558,3000,2023-12-17 18:56:06.172429,https://www.realtor.com/realestateandhomes-detail/4427-17th-St-N_Arlington_VA_22207_M65684-11176,"4427 17th St N Arlington, VA 22207",38.891805,-77.115981,1,0,1,0,1,1,0,0,1,0,1,1,0,0,0,1,0,0,0,0,0,1,0,0,0,0,0,0,0,0,0,1,0,0,0,0,0,0,0,0,0,0,0,0,0,0,0,0,0,0,0,0,0,0,0,0,0,0,0,0,0,0,0,0,0,0,0,0,0,0,0,0,0,0,0,0,0,0,0,0,0,0,0,0,0,1,2,1,1,None,None,None,None,single_family,None,9148,1362,1937,592010,2003-12-29,None,"['Glebe-Elementary-School-0772858801', 'Washington-Liberty-High-School-0772859031', 'Swanson-Middle-School-0772858951']",9,8,7
2961711677,1490,2023-12-17 18:56:06.172429,https://www.realtor.com/realestateandhomes-detail/6113-31st-St-N_Arlington_VA_22207_M69757-23923,"6113 31st St N Arlington, VA 22207",38.900116,-77.152879,0,0,0,1,0,0,0,0,0,0,0,0,0,0,0,0,1,0,0,0,0,0,0,0,0,0,0,0,0,0,1,0,0,0,0,0,0,0,0,0,0,0,0,0,0,0,0,0,0,0,0,0,0,0,0,0,0,0,0,0,0,0,0,0,0,0,0,0,0,0,0,0,0,0,0,0,0,0,0,0,0,0,0,0,0,1,1,1,None,None,None,None,None,single_family,None,None,660,None,210000,1990-02-26,None,"['Nottingham-Elementary-School-0772858921', 'Yorktown-High-School-0772859051', 'Williamsburg-Middle-School-0772859041']",9,9,7
2962152302,3000,2023-12-17 18:56:06.172429,https://www.realtor.com/realestateandhomes-detail/2424-S-Oakland-St_Arlington_VA_22206_M63633-20952,"2424 S Oakland St Arlington, VA 22206",38.847184,-77.090351,0,0,0,0,0,0,0,0,0,1,0,1,0,0,0,0,0,0,0,0,1,1,0,0,0,0,0,0,1,0,0,0,0,0,0,0,0,1,0,0,0,0,0,0,1,1,0,0,0,0,0,0,0,0,0,0,0,0,0,0,0,0,0,0,0,0,0,0,0,0,0,0,0,0,0,0,0,0,0,0,0,0,0,0,0,3,2,2,None,None,None,None,None,single_family,None,None,1926,None,505000,2020-03-02,None,"['Dr.-Charles-R.-Drew-Elementary-0772858751', 'Wakefield-High-School-0772859021', 'Gunston-Middle-School-0772859061']",9,9,7
2962398093,4800,2023-12-17 18:56:06.172429,https://www.realtor.com/realestateandhomes-detail/2447-N-Ohio-St_Arlington_VA_22207_M52850-02382,"2447 N Ohio St Arlington, VA 22207",38.894647,-77.150217,0,0,0,0,0,0,0,0,0,1,0,1,1,0,0,1,0,0,0,0,1,1,0,0,0,0,0,0,0,0,0,0,0,0,0,0,0,0,0,0,0,0,0,0,1,0,1,0,0,0,0,0,0,0,0,0,0,0,0,0,0,0,0,0,0,0,0,0,0,0,0,0,0,0,0,0,0,0,0,0,0,0,0,0,0,5,3,3,None,None,None,None,None,single_family,None,None,3748,None,899000,2022-08-29,None,"['Nottingham-Elementary-School-0772858921', 'Yorktown-High-School-0772859051', 'Williamsburg-Middle-School-0772859041']",9,9,7
2952520660,825,2023-12-17 18:56:06.172429,https://www.realtor.com/realestateandhomes-detail/7823-Shreve-Rd-Bsmt-2_Falls-Church_VA_22043_M93611-59248,"7823 Shreve Rd Rm 1BSMT Falls Church, VA 22043",38.883804,-77.215309,1,0,0,1,0,1,0,0,0,0,0,0,0,0,0,0,0,0,0,0,0,0,0,0,0,0,0,0,0,0,0,0,0,0,0,0,0,0,0,0,0,0,0,0,0,0,0,0,0,0,0,0,0,0,0,0,0,0,0,0,0,0,0,0,0,0,0,0,0,0,0,0,0,0,0,0,0,0,0,0,0,0,0,0,0,1,1,1,None,None,None,None,None,single_family,None,None,None,None,None,None,None,"['Shrevewood-Elementary-School-0772865231', 'Kilmer-Middle-School-0772864631', 'Marshall-High-School-0772864901']",9,9,7
2961607668,3000,2023-12-17 18:56:06.172429,https://www.realtor.com/realestateandhomes-detail/8102-Ainsworth-Ave_Springfield_VA_22152_M52654-19909,"8102 Ainsworth Ave Springfield, VA 22152",38.779479,-77.223428,1,0,0,0,1,0,0,0,0,0,0,1,1,0,0,0,0,0,0,0,0,0,0,0,0,0,0,0,0,0,0,0,0,0,0,1,1,0,0,0,0,0,0,0,0,0,0,1,1,0,0,0,0,0,0,0,0,0,0,0,0,0,0,0,0,0,0,0,0,0,0,0,0,0,0,0,0,0,0,0,0,0,0,0,0,3,3,2,1,None,None,None,None,single_family,None,None,1908,1961,163000,1988-10-31,None,"['Irving-Middle-School-0772864521', 'West-Springfield-Elementary-School-0772865501', 'West-Springfield-High-School-0772865511']",9,9,9
2961629811,3500,2023-12-17 18:56:06.172429,https://www.realtor.com/realestateandhomes-detail/35-S-Edison-St_Arlington_VA_22204_M66028-17087,"35 S Edison St Arlington, VA 22204",38.865796,-77.121394,1,0,0,1,1,0,0,0,1,0,0,0,0,0,0,1,0,0,0,0,0,1,0,0,0,1,0,0,1,1,0,0,0,0,0,0,1,0,0,0,0,0,0,0,0,0,0,0,0,1,1,0,0,0,0,0,0,0,0,0,0,0,0,0,0,0,0,0,0,0,0,0,0,0,0,0,0,0,0,0,0,0,0,0,0,4,2,2,None,None,None,None,None,single_family,None,None,1513,None,558000,2015-04-10,None,"['Kenmore-Middle-School-0772858861', 'Barcroft-Elementary-School-0772858731', 'Wakefield-High-School-0772859021']",9,9,9
2961907601,3995,2023-12-17 18:56:06.172429,https://www.realtor.com/realestateandhomes-detail/7122-Oak-Ridge-Rd_Falls-Church_VA_22042_M60499-98690,"7122 Oak Ridge Rd Falls Church, VA 22042",38.864436,-77.190572,1,0,0,1,1,0,0,0,0,1,1,0,0,0,0,0,0,0,0,1,0,1,0,0,0,0,0,0,0,0,0,0,1,0,0,1,1,0,0,0,0,0,1,0,0,0,0,0,0,0,0,0,0,0,0,0,0,0,0,0,0,0,0,0,0,0,0,0,0,0,0,0,0,0,0,0,0,0,0,0,0,0,0,0,0,5,4,4,None,None,None,None,None,single_family,None,10414,2200,2019,855000,2022-05-27,None,"['Westlawn-Elementary-School-0772865541', 'Falls-Church-High-School-0772864011', 'Jackson-Middle-School-0772864831']",9,9,9
2959986514,8500,2023-12-17 18:56:06.172429,https://www.realtor.com/realestateandhomes-detail/3440-Blair-Rd_Falls-Church_VA_22041_M52042-11561,"3440 Blair Rd Falls Church, VA 22041",38.849023,-77.143815,1,0,1,0,1,1,0,0,1,1,1,1,1,1,0,0,0,0,0,1,0,1,0,0,0,0,0,0,0,0,0,0,0,0,0,0,0,1,0,0,1,1,1,0,0,0,0,0,0,0,0,1,1,1,1,1,0,0,0,0,0,0,0,0,0,0,0,0,0,0,0,0,0,0,0,0,0,0,0,0,0,0,0,0,0,5,8,5,3,None,None,2,None,single_family,None,23445,8570,2009,1275000,2007-01-24,None,"[""Bailey's-Elementary-School-for-the-Arts-and-Sciences-0772863611"", 'Justice-High-School-0772864531', 'Glasgow-Middle-School-0772864201']",9,9,9
2961672531,2200,2023-12-17 18:56:06.172429,https://www.realtor.com/realestateandhomes-detail/10120-Woodrow-St_Vienna_VA_22181_M93682-90627,"10120 Woodrow St Vienna, VA 22181",38.906087,-77.295939,1,0,1,1,0,0,0,0,1,0,0,0,0,0,0,0,0,0,0,0,0,0,0,0,0,0,0,0,0,0,0,0,0,0,0,0,0,0,0,0,0,0,0,0,0,0,0,0,0,0,0,0,0,0,0,0,1,0,0,0,0,0,0,0,0,0,0,0,0,0,0,0,0,0,0,0,0,0,0,0,0,0,0,0,0,0,1,1,None,None,None,None,None,single_family,None,27116,6279,2022,None,None,None,"['Flint-Hill-Elementary-School-0772864021', 'Madison-High-School-0772864851', 'Thoreau-Middle-School-0772865361']",9,9,9
2961724910,9800,2023-12-17 18:56:06.172429,https://www.realtor.com/realestateandhomes-detail/1527-N-Johnson-St_Arlington_VA_22201_M68449-35812,"1527 N Johnson St Arlington, VA 22201",38.890083,-77.100091,1,0,1,1,1,0,0,0,1,1,1,0,1,1,0,0,0,0,0,1,0,0,0,0,0,0,0,0,0,0,0,1,1,0,0,0,0,1,0,0,0,0,1,0,0,0,0,0,0,0,0,0,0,0,0,0,0,0,0,0,0,0,0,0,0,0,0,0,0,0,0,0,0,0,0,0,0,0,0,0,0,0,0,0,0,5,6,4,2,None,None,2,None,single_family,None,9451,4850,2004,None,None,None,"['Washington-Liberty-High-School-0772859031', 'Dorothy-Hamm-Middle-0772967701']",9,9,9
2961898670,3400,2023-12-17 18:56:06.172429,https://www.realtor.com/realestateandhomes-detail/12810-Point-Pleasant-Dr_Fairfax_VA_22033_M63785-30867,"12810 Point Pleasant Dr Fairfax, VA 22033",38.872965,-77.388101,1,0,0,1,1,0,0,0,1,1,0,1,1,0,0,0,0,0,0,0,0,0,0,0,0,1,0,0,0,1,0,0,0,0,0,0,0,0,0,0,0,0,1,0,0,0,0,0,0,1,0,0,0,0,0,0,0,1,0,0,0,0,0,0,0,0,0,0,0,0,0,0,0,0,0,0,0,0,0,0,0,0,0,0,0,4,3,3,None,None,None,None,None,single_family,None,None,1966,None,500000,2013-05-15,None,"['Greenbriar-East-Elementary-School-0772864251', 'Chantilly-High-School-0772863461', 'Rocky-Run-Middle-School-0772865941']",9,9,9
2955640463,3900,2023-12-17 18:56:06.172429,https://www.realtor.com/realestateandhomes-detail/6707-Capstan-Dr_Annandale_VA_22003_M63449-66848,"6707 Capstan Dr Annandale, VA 22003",38.83791,-77.175915,0,0,1,1,0,0,0,0,0,0,0,0,0,0,0,0,0,0,0,0,0,1,1,1,0,0,0,0,0,0,0,0,0,0,0,0,0,0,1,0,0,0,0,0,0,0,0,0,0,0,0,0,0,0,0,0,0,0,0,0,0,0,0,0,0,0,0,0,0,0,0,0,0,0,0,0,0,0,0,0,0,0,0,0,0,3,4,2,2,None,None,None,None,single_family,None,None,2700,None,745000,2022-03-31,None,"['Mason-Crest-Elementary-School-0772933311', 'Glasgow-Middle-School-0772864201', 'Justice-High-School-0772864531']",9,9,9
2962130232,4100,2023-12-17 18:56:06.172429,https://www.realtor.com/realestateandhomes-detail/997-N-Sycamore-St_Falls-Church_VA_22046_M52740-12781,nan,,,1,0,1,0,1,1,0,0,1,1,1,1,0,0,0,0,0,0,0,1,0,1,0,0,0,0,0,0,0,0,0,1,0,0,0,0,0,0,0,0,0,0,0,0,0,0,0,0,0,0,0,0,0,0,0,0,0,0,0,0,0,0,0,0,0,0,0,0,0,0,0,0,0,0,0,0,0,0,0,0,0,0,0,0,0,3,2,2,None,None,None,None,None,single_family,None,10250,3994,1950,250000,2000-09-27,None,"['Oak-Street-Elementary-School-0772866441', 'Meridian-High-School-0772866421', 'Mary-Ellen-Henderson-Middle-School-0772866431']",9,9,9
2957050280,2200,2023-12-17 18:56:06.172429,https://www.realtor.com/realestateandhomes-detail/3743-Chain-Bridge-Rd_Fairfax_VA_22030_M56905-09365,nan,,,1,0,1,1,1,0,0,0,1,0,1,1,0,0,0,0,0,0,0,1,0,0,0,0,0,0,0,0,0,1,0,0,0,0,0,0,0,0,0,0,0,0,0,0,0,1,0,0,1,0,0,0,0,0,0,0,0,0,0,0,0,0,0,0,0,0,0,0,0,0,0,0,0,0,0,0,0,0,0,0,0,0,0,0,0,2,2,2,None,None,None,None,2,single_family,None,15001,1669,1959,None,None,None,"['Daniels-Run-Elementary-School-0772893401', 'Johnson-Middle-School-0772864711', 'Fairfax-High-School-0772863931']",9,9,9
2961947452,4300,2023-12-17 18:56:06.172429,https://www.realtor.com/realestateandhomes-detail/2419-1st-St-S_Arlington_VA_22204_M62551-99154,"2419 1st St S Arlington, VA 22204",38.873369,-77.086465,1,0,1,0,0,1,1,0,1,0,1,1,1,0,0,0,0,0,0,0,0,0,0,0,0,0,0,0,0,0,0,1,0,1,0,0,0,0,0,0,0,0,0,0,0,0,0,0,0,0,0,0,0,0,0,0,0,0,1,0,0,0,0,0,0,0,0,0,0,0,0,0,0,0,0,0,0,0,0,0,0,0,0,0,0,4,4,3,1,None,None,1,None,single_family,None,13697,2016,1984,None,None,None,"['Jefferson-Middle-School-0772858851', 'Henry-Elementary-School-0772858821', 'Wakefield-High-School-0772859021']",9,9,9
2937435574,2200,2023-12-17 18:56:06.172429,https://www.realtor.com/realestateandhomes-detail/10515-Lawyers-Rd_Vienna_VA_22181_M63539-79612,"10515 Lawyers Rd Vienna, VA 22181",38.922397,-77.309731,1,0,0,1,0,0,0,0,0,1,0,0,0,0,0,0,0,0,0,0,0,0,0,0,0,0,0,0,0,0,0,0,0,0,0,0,0,0,0,0,0,0,0,0,0,0,0,0,0,0,0,0,0,0,0,0,0,0,0,0,0,0,0,0,0,0,0,0,0,0,0,0,0,0,0,0,0,0,0,0,0,0,0,0,0,1,1,1,None,None,None,None,None,single_family,None,None,700,None,1100000,2021-07-21,None,"['Madison-High-School-0772864851', 'Oakton-Elementary-School-0772865041', 'Thoreau-Middle-School-0772865361']",9,9,9
2961505591,750,2023-12-17 18:56:06.172429,https://www.realtor.com/realestateandhomes-detail/1201-Offutt-Dr_Falls-Church_VA_22046_M67299-15993,nan,,,0,0,1,1,0,0,0,0,0,0,1,0,0,0,0,0,0,0,0,1,0,1,0,0,0,0,0,0,0,0,0,0,0,0,0,0,0,0,0,0,0,0,0,0,0,0,0,0,0,0,0,0,0,0,0,0,0,0,0,0,0,0,0,0,0,0,0,0,0,0,0,0,0,0,0,0,0,0,0,0,0,0,0,0,0,1,1,1,None,None,None,None,None,single_family,None,10019,None,1954,566000,2008-09-23,None,"['Meridian-High-School-0772866421', 'Mt.-Daniel-School-0772866451', 'Mary-Ellen-Henderson-Middle-School-0772866431']",9,9,9
2961895482,4950,2023-12-17 18:56:06.172429,https://www.realtor.com/realestateandhomes-detail/6466-Lake-Meadow-Dr_Burke_VA_22015_M59385-18586,"6466 Lake Meadow Dr Burke, VA 22015",38.778185,-77.292997,1,0,1,1,0,0,0,0,1,0,0,0,1,0,0,0,0,0,0,1,0,0,0,0,0,0,0,0,0,0,0,0,0,0,0,0,0,0,0,0,0,0,0,0,0,0,0,0,0,0,0,0,0,0,0,0,0,0,0,0,0,0,0,0,0,0,0,0,0,0,0,0,0,0,0,0,0,0,0,0,0,0,0,0,0,4,5,4,1,None,None,None,None,single_family,None,26742,4188,1994,459000,1994-11-18,None,"['Cherry-Run-Elementary-School-0772866011', 'Lake-Braddock-Secondary-0772864661']",9,9,9
2960237669,1700,2023-12-17 18:56:06.172429,https://www.realtor.com/realestateandhomes-detail/2526-24th-St-N-Level_Arlington_VA_22207_M94243-13873,"2526 24th St N Unit Level Arlington, VA 22207",38.900543,-77.091797,1,0,1,1,0,0,1,1,1,0,0,0,0,0,0,0,0,0,0,0,0,0,0,0,0,0,0,0,0,0,1,0,0,0,0,0,0,0,0,0,0,0,0,0,0,0,0,0,0,0,0,0,0,0,0,0,0,0,0,0,0,0,0,0,0,0,0,0,0,0,0,0,0,0,0,0,0,0,0,0,0,0,0,0,0,1,1,1,None,None,None,None,None,single_family,None,650,650,1940,None,None,None,['Dorothy-Hamm-Middle-0772967701'],9,9,9
2962536998,3900,2023-12-17 18:56:06.172429,https://www.realtor.com/realestateandhomes-detail/8650-Wind-Song-Ct_Springfield_VA_22153_M50835-31661,"8650 Wind Song Ct Springfield, VA 22153",38.739808,-77.242579,1,1,1,0,1,1,0,0,1,1,1,1,1,1,0,1,0,1,0,0,0,0,0,0,0,0,0,0,0,0,0,0,1,0,0,0,0,1,0,0,0,0,0,0,0,0,1,0,0,0,0,0,0,0,1,0,0,0,0,1,1,1,1,1,0,0,0,0,0,0,0,0,0,0,0,0,0,0,0,0,0,0,0,0,0,5,4,3,1,None,None,2,None,single_family,None,9962,2016,1979,200000,1991-10-04,None,"['Newington-Forest-Elementary-School-0772866021', 'South-County-Middle-School-0772933901', 'South-County-High-School-0772903241']",9,9,9
2962005651,5000,2023-12-17 18:56:06.172429,https://www.realtor.com/realestateandhomes-detail/5304-Orchardson-Ct_Fairfax_VA_22032_M65837-81528,"5304 Orchardson Ct Fairfax, VA 22032",38.810363,-77.288663,1,0,1,0,1,0,0,1,0,1,1,1,0,0,0,0,0,0,0,1,1,0,0,0,0,0,0,0,0,0,0,1,0,1,0,0,0,0,0,0,0,0,0,0,0,0,0,0,0,0,0,0,0,0,0,0,0,0,0,0,0,0,0,0,1,0,0,0,0,0,0,0,0,0,0,0,0,0,0,0,0,0,0,0,0,5,3,3,None,None,None,None,2,single_family,None,10682,2200,1971,525000,2023-06-26,None,"['Laurel-Ridge-Elementary-School-0772864721', 'Robinson-Secondary-0772865201']",9,9,9
2959539849,4200,2023-12-17 18:56:06.172429,https://www.realtor.com/realestateandhomes-detail/1300-N-Hudson-St-2_Arlington_VA_22201_M96250-84365,"1300 N Hudson St Unit 2 Arlington, VA 22201",38.887753,-77.097725,1,1,1,1,0,0,0,0,0,0,0,0,0,0,0,0,0,0,0,0,0,0,0,0,0,0,0,0,0,0,0,0,0,0,0,0,0,0,0,0,0,0,0,0,0,0,0,0,0,0,0,0,0,0,0,0,0,0,0,0,0,0,0,0,0,0,0,0,0,0,0,0,0,0,0,0,0,0,0,0,0,0,0,0,0,4,2,2,None,None,None,None,None,single_family,None,3759,4010,1940,None,None,None,"['Washington-Liberty-High-School-0772859031', 'Dorothy-Hamm-Middle-0772967701']",9,9,9
2950392701,2000,2023-12-17 18:56:06.172429,https://www.realtor.com/realestateandhomes-detail/7402-Nigh-Rd_Falls-Church_VA_22043_M61829-89252,"7402 Nigh Rd Falls Church, VA 22043",38.906873,-77.20143,0,0,0,0,1,0,0,0,0,0,1,0,0,0,0,0,0,0,0,0,0,0,0,0,0,0,0,0,0,0,0,0,0,0,0,0,0,0,0,0,0,0,0,0,0,0,0,0,0,0,0,0,0,0,0,0,0,0,0,0,0,0,0,0,0,0,0,0,0,0,0,0,0,0,0,0,0,0,0,0,0,0,0,0,0,2,1,1,None,None,None,None,None,single_family,None,None,1000,None,337000,2008-09-15,None,"['Lemon-Road-Elementary-School-0772864751', 'Marshall-High-School-0772864901', 'Kilmer-Middle-School-0772864631']",9,9,9
2961581576,3000,2023-12-17 18:56:06.172429,https://www.realtor.com/realestateandhomes-detail/4969-34th-St-N_Arlington_VA_22207_M57047-14172,"4969 34th St N Arlington, VA 22207",38.911887,-77.139081,1,0,0,0,1,0,0,1,1,0,1,0,0,0,0,0,0,0,0,1,0,0,0,0,0,0,0,0,0,0,0,1,0,0,0,0,0,0,0,0,0,0,0,0,0,0,0,0,0,0,0,0,0,0,0,0,0,0,0,0,0,0,0,0,0,0,0,0,0,0,0,0,0,0,0,0,0,0,0,0,0,0,0,0,0,2,1,1,None,None,None,None,None,single_family,None,7000,1338,1949,62856,1978-06-29,None,"['Jamestown-Elementary-School-0772858841', 'Williamsburg-Middle-School-0772859041', 'Yorktown-High-School-0772859051']",9,9,9
2961940135,3600,2023-12-17 18:56:06.172429,https://www.realtor.com/realestateandhomes-detail/502-N-Mansfield-St_Alexandria_VA_22304_M61704-59550,nan,,,1,0,1,1,0,0,0,0,1,1,1,1,0,0,0,0,0,0,0,1,1,0,0,0,0,0,0,0,0,0,0,0,0,1,0,0,0,0,0,0,0,0,0,0,0,0,0,0,0,0,0,0,0,0,0,0,0,0,0,0,0,0,0,0,0,0,0,0,0,0,0,0,0,0,0,0,0,0,0,0,0,0,0,0,0,2,1,1,None,None,None,None,None,single_family,None,8005,2075,1956,425000,2020-02-25,None,"['James-K-Polk-Elementary-School-0772858151', 'Francis-C-Hammond-Middle-0772858121', 'Alexandria-City-High-School-0772858261']",9,9,9
2960521445,2700,2023-12-17 18:56:06.172429,https://www.realtor.com/realestateandhomes-detail/503-S-Wayne-St_Arlington_VA_22204_M64557-51861,"503 S Wayne St Arlington, VA 22204",38.869507,-77.083317,1,0,0,0,1,1,0,0,0,0,1,0,0,0,0,0,0,0,0,1,0,0,0,0,0,0,0,0,0,0,0,1,0,0,0,0,0,0,0,0,0,0,0,0,0,0,0,0,0,0,0,0,0,0,0,0,0,0,0,0,0,0,0,0,0,0,0,0,0,0,0,0,0,0,0,0,0,0,0,0,0,0,0,0,0,2,1,1,None,None,None,None,None,single_family,None,2750,1095,1940,439000,2016-08-31,None,"['Jefferson-Middle-School-0772858851', 'Henry-Elementary-School-0772858821', 'Wakefield-High-School-0772859021']",9,9,9
2962614461,3250,2023-12-23 10:50:44.075127,https://www.realtor.com/realestateandhomes-detail/2403-Spring-St_Dunn-Loring_VA_22027_M61490-58566,"2403 Spring St Dunn Loring, VA 22027",38.89345,-77.2169,1,0,0,0,1,0,1,0,0,0,1,0,0,0,0,1,0,1,0,0,0,1,0,0,0,0,0,0,0,0,1,0,0,0,0,0,0,1,0,0,0,0,0,1,0,0,0,0,0,0,0,0,0,0,0,0,0,0,0,0,0,0,0,0,0,1,1,0,0,0,0,0,0,0,0,0,0,0,0,0,0,0,0,0,0,3,2,2,None,None,None,None,None,single_family,None,12350,1269,1975,545000,2017-07-18,None,"['Kilmer-Middle-School-0772864631', 'Marshall-High-School-0772864901', 'Stenwood-Elementary-School-0772865311']",9,9,9
2933741721,980,2023-12-23 10:50:44.075127,https://www.realtor.com/realestateandhomes-detail/2700-11th-St-N_Arlington_VA_22201_M58584-02067,"2700 11th St N Arlington, VA 22201",38.886267,-77.09045,1,0,0,1,0,0,0,0,0,0,0,0,0,0,0,0,0,0,0,0,0,0,0,0,0,0,0,0,0,0,0,0,0,0,0,0,0,0,0,0,0,0,0,0,0,0,0,0,0,0,0,0,0,0,0,0,0,0,0,0,0,0,0,0,0,0,0,1,0,0,0,0,0,0,0,0,0,0,0,0,0,0,0,0,0,1,1,1,None,None,None,None,None,single_family,None,None,None,None,221000,1994-08-16,None,"['Innovation-Elementary-School-0772859111', 'Washington-Liberty-High-School-0772859031', 'Dorothy-Hamm-Middle-0772967701']",9,9,9
2962687887,3500,2023-12-23 10:50:44.075127,https://www.realtor.com/realestateandhomes-detail/1112-Hillcrest-Dr-SW_Vienna_VA_22180_M64117-00705,"1112 Hillcrest Dr SW Vienna, VA 22180",38.885377,-77.254599,1,0,1,0,1,0,0,1,0,1,1,1,0,0,0,0,0,0,0,1,0,1,0,0,0,0,0,0,0,0,0,0,0,1,0,0,0,0,0,0,0,0,1,0,0,0,0,0,0,0,0,0,0,0,0,0,0,0,0,0,0,0,0,0,0,0,0,0,0,0,0,0,0,0,0,0,0,0,0,0,0,0,0,0,0,3,2,2,None,None,None,None,None,single_family,None,10238,1788,1959,620000,2018-10-11,None,"['Marshall-Road-Elementary-School-0772864911', 'Thoreau-Middle-School-0772865361', 'Madison-High-School-0772864851']",9,9,9
2961629257,2000,2023-12-23 10:50:44.075127,https://www.realtor.com/realestateandhomes-detail/4705-Rippling-Pond-Dr_Fairfax_VA_22033_M61592-64359,"4705 Rippling Pond Dr Fairfax, VA 22033",38.863003,-77.404783,1,0,1,1,1,0,0,1,0,0,1,0,0,0,0,1,0,0,0,1,0,0,0,0,0,0,0,0,0,0,0,0,0,0,0,0,0,0,0,0,0,0,0,0,0,0,0,0,0,0,0,0,0,0,0,0,0,0,0,0,0,0,0,0,0,0,0,0,0,0,0,0,0,0,0,0,0,0,0,0,0,0,0,0,0,1,1,1,None,None,None,None,None,single_family,None,15682,1276,1993,314270,1993-10-01,None,"['Rocky-Run-Middle-School-0772865941', 'Greenbriar-West-Elementary-School-0772864261', 'Chantilly-High-School-0772863461']",9,9,9
2962623452,3950,2023-12-23 10:50:44.075127,https://www.realtor.com/realestateandhomes-detail/4837-25th-St-N_Arlington_VA_22207_M58525-00230,"4837 25th St N Arlington, VA 22207",38.900593,-77.129948,1,0,1,0,1,1,0,0,1,1,1,1,1,1,0,0,0,0,0,0,0,0,0,0,0,0,0,0,0,0,0,1,0,0,0,0,0,0,0,0,0,0,0,0,0,0,0,0,0,0,0,0,0,0,0,0,0,0,0,0,0,0,0,0,0,0,0,0,0,0,0,0,0,0,0,0,0,0,0,0,0,0,0,0,0,4,4,3,1,None,None,2,2,single_family,None,9646,3192,1960,781000,2010-07-08,None,"['Yorktown-High-School-0772859051', 'Discovery-Elementary-School-0772966041', 'Williamsburg-Middle-School-0772859041']",9,9,9
2962663410,3895,2023-12-23 10:50:44.075127,https://www.realtor.com/realestateandhomes-detail/4027-N-Glebe-Rd_Arlington_VA_22207_M64717-84959,"4027 N Glebe Rd Arlington, VA 22207",38.921133,-77.129519,1,0,1,0,1,1,0,0,1,1,1,1,0,0,0,0,0,0,0,1,0,0,0,0,0,0,0,0,0,0,0,1,0,0,0,0,0,0,0,0,0,0,0,0,0,0,0,0,0,0,0,0,0,0,0,0,0,0,0,0,0,0,0,0,0,0,0,0,1,0,0,0,0,0,0,0,0,0,0,0,0,0,0,0,0,3,3,3,None,None,None,None,None,single_family,None,7026,1860,1933,735000,2022-08-18,None,"['Jamestown-Elementary-School-0772858841', 'Williamsburg-Middle-School-0772859041', 'Yorktown-High-School-0772859051']",9,9,9
2958557923,2000,2023-12-23 10:50:44.075127,https://www.realtor.com/realestateandhomes-detail/1006-S-Columbus-St_Arlington_VA_22204_M65643-16569,"1006 S Columbus St Arlington, VA 22204",38.853896,-77.110567,1,0,0,1,0,0,0,0,0,1,1,1,0,0,0,0,0,0,0,1,0,1,0,0,0,0,0,0,0,0,0,0,0,0,0,0,0,0,0,0,0,0,0,0,0,0,0,0,0,0,0,0,0,0,0,0,0,0,0,0,0,0,0,0,0,0,0,0,0,0,0,0,0,0,0,0,0,0,0,0,0,0,0,0,0,2,1,1,None,None,None,None,None,single_family,None,5308,928,1942,65000,1984-12-20,None,"['Wakefield-High-School-0772859021', 'Abingdon-Elementary-School-0772858711', 'Kenmore-Middle-School-0772858861']",9,9,9
2962128300,3600,2023-12-23 10:50:44.075127,https://www.realtor.com/realestateandhomes-detail/1823-N-Harrison-St_Arlington_VA_22205_M67169-00580,"1823 N Harrison St Arlington, VA 22205",38.891282,-77.131881,1,0,1,0,1,0,0,0,1,1,1,1,0,0,0,0,0,0,0,1,1,1,0,0,0,0,0,0,1,0,0,0,0,0,0,0,0,0,0,0,0,0,0,0,0,0,0,0,0,0,0,0,0,0,0,0,0,0,0,0,0,0,0,0,0,0,0,0,0,0,0,0,0,0,0,0,0,0,0,0,0,0,0,0,0,4,3,3,None,None,None,None,None,single_family,None,9309,2912,1962,120000,1983-12-30,None,"['Glebe-Elementary-School-0772858801', 'Swanson-Middle-School-0772858951', 'Yorktown-High-School-0772859051']",9,9,9
2962100162,3600,2023-12-23 10:50:44.075127,https://www.realtor.com/realestateandhomes-detail/13634-Poplar-Tree-Rd_Chantilly_VA_20151_M56362-34777,"13634 Poplar Tree Rd Chantilly, VA 20151",38.875486,-77.421537,1,0,0,0,1,1,0,0,1,1,1,1,0,0,0,0,0,0,0,0,0,0,0,0,0,0,0,0,0,0,0,0,0,0,0,0,0,0,0,0,0,0,0,0,0,0,0,0,0,0,0,0,0,0,0,0,0,0,0,0,0,0,0,0,0,0,0,0,0,1,0,0,0,0,0,0,0,0,0,0,0,0,0,0,0,5,3,2,1,None,None,None,2,single_family,None,11150,1869,1981,500000,2005-06-15,None,"['Brookfield-Elementary-School-0772863651', 'Rocky-Run-Middle-School-0772865941', 'Chantilly-High-School-0772863461']",9,9,9
2962602190,4200,2023-12-23 10:50:44.075127,https://www.realtor.com/realestateandhomes-detail/3903-Bentwood-Ct_Fairfax_VA_22031_M52556-12669,"3903 Bentwood Ct Fairfax, VA 22031",38.842196,-77.253179,1,1,1,0,0,1,1,1,0,1,0,1,1,1,0,0,0,0,0,0,0,1,0,0,0,0,0,0,0,0,0,0,0,0,0,0,0,0,0,0,0,0,0,0,0,0,1,0,0,0,0,0,0,0,0,0,0,0,0,0,0,0,1,0,0,0,0,0,0,0,0,0,0,0,0,0,0,0,0,0,0,0,0,0,0,2,2,1,1,None,None,2,2,single_family,None,13893,3040,1981,386000,2000-06-19,None,"['Mantua-Elementary-School-0772864861', 'Frost-Middle-School-0772864151', 'Woodson-High-School-0772865651']",9,9,9
2962644016,3095,2023-12-23 10:50:44.075127,https://www.realtor.com/realestateandhomes-detail/5711-Guy-Pl_Springfield_VA_22151_M66398-32654,"5711 Guy Pl Springfield, VA 22151",38.795681,-77.203451,0,0,0,1,0,0,0,0,0,1,0,0,1,0,0,0,0,0,0,0,0,1,0,0,0,0,0,0,0,0,0,0,0,0,0,1,1,0,0,0,0,0,0,0,0,0,0,1,0,0,0,0,0,0,1,0,0,0,0,0,0,0,0,0,0,0,0,0,0,0,0,0,0,0,0,0,0,0,0,0,0,0,0,0,0,4,3,3,None,None,None,None,None,single_family,None,None,1890,None,513888,2020-01-03,None,"['North-Springfield-Elementary-School-0772865021', 'Annandale-High-School-0772863561', 'Holmes-Middle-School-0772864451']",9,9,9
2962090547,4500,2023-12-23 10:50:44.075127,https://www.realtor.com/realestateandhomes-detail/10422-Headly-Ct_Fairfax_VA_22032_M59176-23061,"10422 Headly Ct Fairfax, VA 22032",38.821291,-77.307091,1,0,1,0,1,1,1,1,1,1,1,1,1,1,0,1,0,0,0,0,0,0,0,0,0,0,0,0,0,0,0,0,0,0,0,0,0,1,0,0,0,0,0,0,0,0,0,0,0,0,0,0,0,0,0,0,0,0,1,0,0,0,0,0,0,0,0,0,0,0,0,0,0,0,0,0,0,0,0,0,0,0,0,0,0,4,4,3,1,None,None,2,None,single_family,None,8426,3187,1982,504000,2004-12-03,None,"['Oak-View-Elementary-School-0772865031', 'Robinson-Secondary-0772865201']",9,9,9
2960714844,4150,2023-12-23 10:50:44.075127,https://www.realtor.com/realestateandhomes-detail/11332-Vale-Rd_Oakton_VA_22124_M62229-67079,"11332 Vale Rd Oakton, VA 22124",38.896346,-77.338743,1,0,1,1,0,0,0,0,1,1,0,1,1,1,0,0,0,0,1,0,0,0,0,0,0,0,0,0,0,0,0,0,0,0,0,0,0,0,0,0,0,0,0,0,0,0,0,0,1,0,0,0,0,0,0,0,0,0,0,0,0,0,0,0,0,0,0,0,0,0,0,0,0,0,0,0,0,0,0,0,0,0,0,0,0,5,3,2,1,None,None,2,None,single_family,None,42744,3240,1965,655000,2013-03-29,None,"['Waples-Mill-Elementary-School-0772863541', 'Oakton-High-School-0772865051', 'Franklin-Middle-School-0772866041']",9,9,9
2960633419,2400,2023-12-23 10:50:44.075127,https://www.realtor.com/realestateandhomes-detail/2424-S-Kenmore-St_Arlington_VA_22206_M54883-10843,"2424 S Kenmore St Arlington, VA 22206",38.847654,-77.084648,1,1,1,1,0,1,0,0,0,0,1,0,0,0,0,0,1,0,0,1,0,1,0,0,0,0,0,0,0,0,0,0,0,0,0,0,0,0,0,0,0,0,0,0,0,0,0,1,0,0,1,0,0,0,0,0,0,0,0,0,0,0,0,0,0,0,0,0,0,0,1,0,0,0,0,0,0,0,0,0,0,0,0,0,0,2,1,1,None,None,None,None,None,single_family,None,4204,1242,1975,None,None,None,"['Dr.-Charles-R.-Drew-Elementary-0772858751', 'Gunston-Middle-School-0772859061', 'Wakefield-High-School-0772859021']",9,9,9
2957749942,2199,2023-12-23 10:50:44.075127,https://www.realtor.com/realestateandhomes-detail/5805-26th-St-N-2_Arlington_VA_22207_M52174-06119,"5805 26th St N Unit 2 Arlington, VA 22207",38.896948,-77.146051,0,0,0,0,0,0,0,1,0,1,0,0,0,0,0,1,0,0,0,0,0,0,0,0,0,0,0,0,0,0,0,0,0,0,0,0,0,0,0,0,0,0,0,0,0,0,0,1,0,0,0,0,0,0,0,0,0,0,0,0,0,0,0,0,0,0,0,0,0,0,0,0,0,0,0,0,0,0,0,0,0,0,0,0,0,1,1,1,None,None,None,None,None,single_family,None,11032,800,1920,None,None,None,"['Nottingham-Elementary-School-0772858921', 'Yorktown-High-School-0772859051', 'Williamsburg-Middle-School-0772859041']",9,9,9
2960937943,3250,2023-12-23 10:50:44.075127,https://www.realtor.com/realestateandhomes-detail/4763-Arlington-Blvd_Arlington_VA_22203_M52076-45286,"4763 Arlington Blvd Arlington, VA 22203",38.867414,-77.115386,1,0,1,1,1,1,0,0,0,0,1,0,0,0,0,1,0,0,0,1,0,0,0,0,0,0,0,0,0,0,0,0,0,1,0,0,0,0,0,0,0,0,0,0,0,0,0,0,0,0,0,0,0,0,0,0,0,0,0,0,0,0,0,0,0,0,0,0,0,0,0,1,0,0,0,0,0,0,0,0,0,0,0,0,0,3,2,2,None,None,None,None,None,single_family,None,5994,1544,1941,429500,2004-06-21,None,"['Barrett-Elementary-School-0772858741', 'Kenmore-Middle-School-0772858861', 'Washington-Liberty-High-School-0772859031']",9,9,9
2961089921,7500,2023-12-23 10:50:44.075127,https://www.realtor.com/realestateandhomes-detail/6430-27th-St-N_Arlington_VA_22207_M67253-52582,"6430 27th St N Arlington, VA 22207",38.896669,-77.157009,1,0,1,0,1,1,0,1,0,1,1,1,0,0,0,0,1,0,0,1,0,0,0,0,0,0,1,0,0,0,0,1,1,1,0,0,0,0,0,0,0,0,1,0,0,0,0,0,0,0,0,0,0,0,0,0,0,0,1,0,0,0,0,0,0,0,0,0,0,0,0,0,0,0,0,0,0,0,0,0,0,0,0,0,0,7,7,7,None,None,None,None,None,single_family,None,7652,7500,2001,1620000,2022-05-09,None,"['Tuckahoe-Elementary-School-0772859011', 'Yorktown-High-School-0772859051', 'Williamsburg-Middle-School-0772859041']",9,9,9
2962956186,1650,2024-01-21 09:46:19.821665,https://www.realtor.com/realestateandhomes-detail/2300-Pimmit-Dr-Apt-710_Falls-Church_VA_22043_M63824-24195,"2300 Pimmit Dr Apt 710 Falls Church, VA 22043",38.89883,-77.20719,0,0,0,0,0,0,0,0,0,0,0,0,0,0,0,0,0,0,0,0,0,0,0,0,0,0,0,0,0,0,0,0,0,0,0,0,0,0,0,0,0,0,0,0,0,0,0,0,0,0,0,0,0,0,0,0,0,0,0,0,0,0,0,0,0,0,0,0,0,0,0,0,0,0,0,0,0,0,0,0,0,0,0,0,0,0,None,None,None,None,None,None,None,single_family,None,None,None,None,50000,1985-11-06,None,"['Marshall-High-School-0772864901', 'Shrevewood-Elementary-School-0772865231', 'Kilmer-Middle-School-0772864631']",9,9,9
2962984906,1649,2024-01-21 09:46:19.821665,https://www.realtor.com/realestateandhomes-detail/13115-Peach-Leaf-Pl_Fairfax_VA_22030_M65033-48326,"13115 Peach Leaf Pl Fairfax, VA 22030",38.845484,-77.398541,1,0,1,0,1,1,1,0,1,0,1,0,0,0,0,0,0,0,0,0,0,0,0,0,0,0,0,0,0,0,0,1,0,0,0,0,0,0,0,0,0,0,0,0,0,0,0,0,0,0,0,0,0,0,0,0,0,0,0,0,0,0,0,0,0,0,0,0,0,0,0,0,0,0,0,0,0,0,0,0,0,0,0,0,0,1,1,1,None,None,None,None,None,single_family,None,9583,1903,1996,880000,2005-07-01,None,"['Powell-Elementary-School-0772900201', 'Johnson-Middle-School-0772864711', 'Fairfax-High-School-0772863931']",9,9,9
2963131302,4900,2024-01-21 09:46:19.821665,https://www.realtor.com/realestateandhomes-detail/7365-Hunters-Oak-Ct_Springfield_VA_22150_M66587-66902,"7365 Hunters Oak Ct Springfield, VA 22150",38.767469,-77.195866,0,0,0,0,1,0,0,0,0,0,0,1,1,0,0,0,1,0,0,0,0,0,1,0,0,0,0,1,0,0,0,0,0,0,0,0,0,0,0,0,0,0,0,0,0,0,0,0,0,0,0,0,0,0,0,0,0,0,0,0,0,0,0,0,0,0,0,0,0,0,0,0,0,0,0,0,0,0,0,0,0,0,0,0,0,4,5,4,1,None,None,None,None,single_family,None,None,3496,1999,820000,2017-12-15,None,"['Garfield-Elementary-School-0772864161', 'John-R.-Lewis-High-School-0772864741', 'Key-Middle-School-0772864611']",9,9,9
2962699363,2600,2024-01-21 09:46:19.821665,https://www.realtor.com/realestateandhomes-detail/4193-S-Four-Mile-Run-Dr-Unit-303_Arlington_VA_22204_M59108-16508,"4193 S Four Mile Run Dr Unit 303 Arlington, VA 22204",38.850437,-77.099243,0,0,0,1,0,0,0,0,0,0,0,0,0,0,0,0,0,0,0,0,0,0,1,0,0,0,0,1,0,0,0,0,0,0,0,0,0,0,0,0,0,0,0,0,0,0,1,0,0,0,0,0,0,0,0,0,0,0,0,0,0,0,0,0,0,0,0,0,0,0,0,0,0,0,0,0,0,0,0,0,0,0,0,0,0,2,2,2,None,None,None,None,None,single_family,None,None,None,None,None,None,None,"['Wakefield-High-School-0772859021', 'Dr.-Charles-R.-Drew-Elementary-0772858751', 'Jefferson-Middle-School-0772858851']",9,9,9
2963213297,1800,2024-01-21 09:46:19.821665,https://www.realtor.com/realestateandhomes-detail/2514-Fauquier-Ln_Reston_VA_20191_M60147-86226,"2514 Fauquier Ln Reston, VA 20191",38.922018,-77.351647,0,0,0,1,0,0,0,0,0,0,1,1,0,0,0,1,0,0,0,0,0,0,0,0,0,0,0,0,1,0,0,0,0,0,0,0,0,0,0,0,0,0,0,0,0,0,0,1,0,0,0,0,0,0,0,0,0,0,0,0,0,0,0,0,0,0,0,0,0,0,0,0,0,0,0,0,0,0,0,0,0,0,0,0,0,2,1,1,None,None,None,None,None,single_family,None,None,1060,None,580000,2023-03-01,None,"['Hunters-Woods-Elementary-0772864501', 'South-Lakes-High-School-0772865251', 'Hughes-Middle-School-0772865921']",9,9,9
2962823350,3850,2024-01-21 09:46:19.821665,https://www.realtor.com/realestateandhomes-detail/13321-Lockgate-Pl_Herndon_VA_20171_M55184-92925,"13321 Lockgate Pl Herndon, VA 20171",38.905571,-77.408736,0,1,1,0,1,1,0,0,1,1,1,0,1,1,0,0,0,1,0,0,0,0,0,0,0,0,0,0,0,0,0,0,1,1,0,0,0,0,0,0,0,0,0,0,0,0,1,0,0,0,0,0,0,0,0,0,0,0,0,0,0,0,0,0,0,0,0,0,0,0,0,0,1,0,0,0,0,0,0,0,0,0,0,0,0,4,4,3,1,None,None,2,None,single_family,None,12066,3472,1985,725000,2020-12-01,None,"['Oak-Hill-Elementary-School-0772866031', 'Franklin-Middle-School-0772866041', 'Chantilly-High-School-0772863461']",9,9,9
2962956476,3600,2024-01-21 09:46:19.821665,https://www.realtor.com/realestateandhomes-detail/5168-11th-St-S_Arlington_VA_22204_M52067-75941,"5168 11th St S Arlington, VA 22204",38.851388,-77.113741,1,0,0,0,0,0,1,1,0,1,1,1,0,0,0,0,0,1,0,1,0,1,0,0,0,0,0,0,0,0,0,0,0,1,0,0,0,0,0,0,0,0,0,0,0,0,0,0,0,0,0,0,0,0,0,0,0,0,0,0,0,0,0,0,0,0,0,0,0,0,0,0,0,1,0,0,0,0,0,0,0,0,0,0,0,4,3,3,None,None,None,None,None,single_family,None,5578,1626,1942,438000,2005-10-11,None,"['Wakefield-High-School-0772859021', 'Abingdon-Elementary-School-0772858711', 'Kenmore-Middle-School-0772858861']",9,9,9
2961673745,1600,2024-01-21 09:46:19.821665,https://www.realtor.com/realestateandhomes-detail/10120-Woodrow-Unit-Basement-St-Unit-1_Vienna_VA_22181_M98733-51984,"10120 Woodrow Unit Basement St Unit 1 Vienna, VA 22181",38.906136,-77.296021,1,0,1,1,0,0,0,0,1,0,0,0,0,0,0,0,0,0,0,0,0,0,0,0,0,0,0,0,0,0,0,0,0,0,0,0,0,0,0,0,0,0,0,0,0,0,0,0,0,0,0,0,0,0,0,0,1,0,0,0,0,0,0,0,0,0,0,0,0,0,0,0,0,0,0,0,0,0,0,0,0,0,0,0,0,1,1,1,None,None,None,None,None,single_family,None,27116,6279,2022,None,None,None,"['Flint-Hill-Elementary-School-0772864021', 'Madison-High-School-0772864851', 'Thoreau-Middle-School-0772865361']",9,9,9
2963169561,2399,2024-01-21 09:46:19.821665,https://www.realtor.com/realestateandhomes-detail/888-N-Quincy-St-Unit-908_Arlington_VA_22203_M58020-74488,"888 N Quincy St Unit 908 Arlington, VA 22203",38.880825,-77.107941,0,1,0,1,0,0,0,0,0,1,0,0,0,0,0,0,0,0,0,0,0,1,0,0,0,0,0,0,0,0,0,0,0,0,0,0,0,0,0,0,0,0,0,0,0,0,1,0,0,0,0,0,0,0,0,0,0,0,0,0,0,0,0,0,0,0,0,0,0,0,0,0,0,0,1,0,0,0,0,0,0,0,0,0,0,1,1,1,None,None,None,None,None,single_family,None,None,684,2008,470000,2021-05-24,None,"['Washington-Liberty-High-School-0772859031', 'Ashlawn-Elementary-School-0772858721', 'Swanson-Middle-School-0772858951']",9,9,9
2962996506,5400,2024-01-21 09:46:19.821665,https://www.realtor.com/realestateandhomes-detail/11454-Mallard-Creek-Trl_Fairfax_VA_22033_M66875-87813,"11454 Mallard Creek Trl Fairfax, VA 22033",38.870256,-77.341646,1,0,1,0,1,1,0,1,1,1,1,1,1,1,1,0,0,0,0,0,0,1,0,0,0,0,0,0,0,0,0,1,1,0,0,0,0,1,0,0,0,0,1,0,0,0,0,0,0,0,0,0,0,0,0,0,0,0,0,0,0,0,0,0,0,0,1,0,0,0,0,0,0,0,0,1,1,0,0,0,0,0,0,0,0,5,6,4,2,None,None,3,None,single_family,None,36155,6027,2006,1357486,2006-03-23,None,"['Waples-Mill-Elementary-School-0772863541', 'Oakton-High-School-0772865051', 'Franklin-Middle-School-0772866041']",9,9,9
2962122885,3500,2024-01-21 09:46:19.821665,https://www.realtor.com/realestateandhomes-detail/488-N-Pickett-St_Alexandria_VA_22304_M56407-15953,nan,,,1,0,1,0,1,1,0,0,1,0,1,1,0,0,0,0,0,0,0,1,0,1,1,1,0,0,0,1,1,0,0,1,1,1,0,0,0,1,1,0,0,0,0,0,0,0,0,0,0,0,0,0,0,0,0,0,0,0,0,0,0,0,0,0,0,0,0,0,0,0,0,0,0,0,0,0,0,1,0,0,0,0,0,0,0,3,4,2,2,None,None,None,None,single_family,None,8817,1842,1956,202000,1991-12-02,None,"['James-K-Polk-Elementary-School-0772858151', 'Francis-C-Hammond-Middle-0772858121', 'Alexandria-City-High-School-0772858261']",9,9,9
2962948718,4800,2024-01-21 09:46:19.821665,https://www.realtor.com/realestateandhomes-detail/2300-N-Buchanan-St_Arlington_VA_22207_M58180-60874,"2300 Buchanan St N Arlington, VA 22207",38.898569,-77.126378,1,0,0,1,1,0,0,0,0,0,0,1,0,0,0,0,0,0,0,0,0,0,1,1,0,1,0,0,0,1,0,0,0,1,0,0,1,0,0,0,0,0,0,0,0,0,0,0,0,1,0,0,0,0,0,0,0,0,0,0,0,0,0,0,0,0,0,0,1,0,0,0,0,0,0,0,0,0,0,0,0,0,0,0,0,3,3,2,1,None,None,None,None,single_family,None,None,1942,None,None,None,None,"['Yorktown-High-School-0772859051', 'Discovery-Elementary-School-0772966041', 'Williamsburg-Middle-School-0772859041']",9,9,9
2942941398,3300,2024-01-21 09:46:19.821665,https://www.realtor.com/realestateandhomes-detail/4737-20th-St-N_Arlington_VA_22207_M64208-97200,"4737 N 20th St Arlington, VA 22207",38.893643,-77.122452,0,0,1,1,0,1,0,0,0,1,0,1,0,0,0,0,0,0,0,0,0,1,0,0,0,0,0,0,0,0,0,0,0,0,0,0,0,0,0,0,0,0,0,0,0,0,0,1,0,0,0,0,0,0,0,0,0,0,0,0,0,0,0,0,0,0,0,0,0,0,0,0,0,0,0,0,0,0,0,0,0,0,0,0,0,3,2,1,1,None,None,None,None,single_family,None,None,None,None,24500,1967-08-01,None,"['Glebe-Elementary-School-0772858801', 'Swanson-Middle-School-0772858951', 'Yorktown-High-School-0772859051']",9,9,9
2963095413,6000,2024-01-21 09:46:19.821665,https://www.realtor.com/realestateandhomes-detail/10317-Hickory-Forest-Dr_Oakton_VA_22124_M51269-81151,"10317 Hickory Forest Dr Oakton, VA 22124",38.894306,-77.301831,1,0,1,0,1,1,0,0,1,1,1,1,1,1,0,0,0,0,1,1,0,1,0,0,0,0,0,0,0,0,0,1,1,0,0,0,0,0,0,0,0,0,1,0,0,0,0,0,0,0,0,0,0,1,0,0,0,0,0,0,0,0,0,0,0,0,1,0,0,0,0,0,0,0,0,0,0,0,0,0,0,0,0,0,0,5,4,3,1,None,None,2,None,single_family,None,29499,4445,1986,972500,2018-05-01,None,"['Oakton-Elementary-School-0772865041', 'Oakton-High-School-0772865051', 'Thoreau-Middle-School-0772865361']",9,9,9
2963245815,3000,2024-01-21 09:46:19.821665,https://www.realtor.com/realestateandhomes-detail/5214-Montgomery-St_Springfield_VA_22151_M69168-46852,"5214 Montgomery St Springfield, VA 22151",38.809898,-77.177678,1,0,1,1,1,1,0,0,1,0,1,1,1,0,0,1,0,0,0,0,1,1,0,0,0,0,0,0,0,0,0,0,0,0,0,0,0,0,0,0,0,0,0,0,0,0,0,1,0,0,0,0,0,0,0,0,0,0,0,0,0,0,0,0,0,0,0,0,0,0,0,0,0,0,0,0,0,0,0,0,0,0,0,0,0,3,2,1,1,None,None,1,2,single_family,None,11037,1915,1958,441000,2019-06-24,None,"['Holmes-Middle-School-0772864451', 'Bren-Mar-Park-Elementary-School-0772863511', 'Edison-High-School-0772863921']",9,9,9
2957604623,9350,2024-01-21 09:46:19.821665,https://www.realtor.com/realestateandhomes-detail/Washington_DC_20007_M59188-96799,nan,,,1,0,1,0,0,0,0,0,0,0,0,0,1,1,0,0,1,0,0,1,0,0,0,0,0,0,0,0,0,0,0,1,0,0,0,0,0,0,0,1,1,1,0,0,0,0,0,0,0,0,0,0,0,0,0,0,0,0,0,0,0,0,0,0,0,0,0,0,0,0,0,0,0,0,0,0,0,0,0,0,0,0,0,0,0,4,4,3,1,None,None,2,None,single_family,None,6750,3992,1996,1800000,2014-02-11,None,"['Hardy-Middle-School-0715716351', 'Key-Elementary-School-0715716221', 'Wilson-High-School-0715715761']",9,9,9
2962800422,3250,2024-01-21 09:46:19.821665,https://www.realtor.com/realestateandhomes-detail/3822-Gallows-Rd_Annandale_VA_22003_M50777-68738,"3822 Gallows Rd Annandale, VA 22003",38.840457,-77.19858,1,0,1,0,1,1,0,0,1,0,1,1,0,0,0,1,0,0,0,1,0,1,0,0,0,0,0,0,0,0,0,0,0,0,0,0,0,0,0,0,0,0,0,0,0,0,0,1,0,0,0,0,0,0,0,0,0,0,0,0,0,0,0,0,0,0,0,0,0,0,0,0,1,0,0,0,0,0,1,0,0,0,0,0,0,3,3,2,1,None,None,None,None,single_family,None,10052,1324,1959,None,None,None,"['Mason-Crest-Elementary-School-0772933311', 'Poe-Middle-School-0772865131', 'Falls-Church-High-School-0772864011']",9,9,9
2962787363,7000,2024-01-21 09:46:19.821665,https://www.realtor.com/realestateandhomes-detail/2393-Watters-Glen-Ct_Falls-Church_VA_22043_M61347-15397,"2393 Watters Glen Ct Falls Church, VA 22043",38.894392,-77.209156,1,0,1,0,0,0,0,0,1,0,0,1,1,1,0,0,0,0,0,1,0,1,0,0,0,0,0,0,0,0,0,0,0,0,1,0,0,0,0,0,0,0,0,0,0,1,0,0,0,0,0,0,0,0,0,0,0,0,0,0,0,0,0,0,0,0,0,0,0,0,0,0,0,0,0,0,0,0,0,0,0,0,0,0,0,4,5,4,1,None,None,2,None,single_family,None,10909,5443,2000,750000,2003-01-13,None,"['Shrevewood-Elementary-School-0772865231', 'Marshall-High-School-0772864901', 'Kilmer-Middle-School-0772864631']",9,9,9
2962393242,6500,2024-01-28 23:52:53.056992,https://www.realtor.com/realestateandhomes-detail/3207-19th-St-N_Arlington_VA_22201_M51759-76236,"3207 19th St N Arlington, VA 22201",38.893837,-77.099268,1,0,1,1,0,1,0,0,0,1,0,0,1,0,0,1,0,0,0,1,0,0,0,0,0,0,0,0,0,0,0,0,0,1,0,0,0,0,0,0,0,0,0,0,0,0,0,0,0,0,0,0,0,0,0,0,0,0,0,0,0,0,0,0,0,0,0,0,0,0,0,0,0,0,0,0,0,0,0,0,0,0,0,0,0,5,4,3,1,None,None,None,None,single_family,None,None,2376,None,1112500,2017-12-28,None,"['Washington-Liberty-High-School-0772859031', 'Dorothy-Hamm-Middle-0772967701', 'Taylor-Elementary-School-0772858961']",9,9,9
2956438853,1900,2024-01-28 23:52:53.056992,https://www.realtor.com/realestateandhomes-detail/7801-Willow-Point-Dr_Falls-Church_VA_22042_M67128-45899,"7801 Willow Point Dr Falls Church, VA 22042",38.863584,-77.210902,0,0,0,1,0,0,0,0,0,0,0,0,0,0,0,0,0,0,0,0,0,0,1,1,0,0,0,0,0,0,0,0,0,0,0,1,1,0,0,0,0,0,0,0,0,0,0,0,0,0,0,0,0,1,0,0,0,0,0,0,0,0,0,0,0,0,0,0,0,0,0,0,0,0,0,0,0,0,0,1,0,0,0,0,0,1,1,1,None,None,None,None,None,single_family,None,None,818,1985,235000,2011-01-19,None,"['Falls-Church-High-School-0772864011', 'Jackson-Middle-School-0772864831', 'Westlawn-Elementary-School-0772865541']",9,9,9
2961053465,3400,2024-01-28 23:52:53.056992,https://www.realtor.com/realestateandhomes-detail/2013-N-Oakland-St_Arlington_VA_22207_M50562-27464,"2013 N Oakland St Arlington, VA 22207",38.895017,-77.106034,1,1,0,0,1,0,0,0,1,1,0,0,0,0,0,0,0,0,0,1,0,1,0,0,0,1,0,0,0,0,0,0,0,0,0,0,0,0,0,0,0,0,0,0,0,0,0,0,0,1,0,0,0,0,0,0,0,0,0,0,0,0,0,0,0,0,0,0,0,0,0,0,0,0,0,0,0,0,0,0,1,0,0,0,0,3,3,2,1,None,None,None,None,single_family,None,None,1900,None,None,None,None,"['Dorothy-Hamm-Middle-0772967701', 'Washington-Liberty-High-School-0772859031', 'Taylor-Elementary-School-0772858961']",9,9,9
2963530275,3500,2024-01-28 23:52:53.056992,https://www.realtor.com/realestateandhomes-detail/2712-Hatmark-St_Vienna_VA_22181_M57398-14654,"2712 Hatmark St Vienna, VA 22181",38.882729,-77.282695,0,0,0,0,0,0,0,0,0,1,0,1,0,0,0,0,0,0,0,0,0,1,0,0,0,0,0,0,0,0,0,0,0,0,0,0,0,0,0,0,0,0,0,0,0,0,0,0,0,0,0,0,0,0,0,0,0,0,0,0,0,0,0,0,0,0,0,0,0,0,0,0,0,0,0,0,0,0,0,0,0,0,0,0,0,4,4,3,1,None,None,None,None,single_family,None,None,2320,None,284000,1994-08-29,None,"['Oakton-High-School-0772865051', 'Mosby-Woods-Elementary-School-0772864931', 'Thoreau-Middle-School-0772865361']",9,9,9
2963535438,4300,2024-01-28 23:52:53.056992,https://www.realtor.com/realestateandhomes-detail/11256-Oakton-Rd_Oakton_VA_22124_M63976-78408,"11256 Oakton Rd Oakton, VA 22124",38.871621,-77.334642,1,0,1,0,1,1,0,0,1,1,1,1,1,1,0,0,0,0,0,0,0,0,0,0,0,0,0,0,0,0,0,1,0,0,0,0,0,0,0,0,0,0,1,0,0,0,0,0,0,0,0,0,0,0,0,0,0,0,0,0,0,0,0,0,0,0,0,0,0,0,0,0,0,0,0,0,0,0,0,0,0,1,0,0,0,4,3,2,1,None,None,2,None,single_family,None,51305,3450,1978,775000,2017-03-06,None,"['Waples-Mill-Elementary-School-0772863541', 'Oakton-High-School-0772865051', 'Franklin-Middle-School-0772866041']",9,9,9
2963518690,3500,2024-01-28 23:52:53.056992,https://www.realtor.com/realestateandhomes-detail/6094-9th-St-N_Arlington_VA_22205_M50478-48925,"6094 9th St N Arlington, VA 22205",38.875649,-77.145903,1,0,1,0,1,1,1,0,0,1,1,1,1,0,0,1,0,0,0,0,0,1,0,0,0,0,1,0,0,0,0,0,0,0,0,0,0,0,0,0,1,0,0,0,0,0,0,0,0,0,0,0,0,0,0,0,0,0,0,0,0,0,0,0,0,0,0,0,0,0,0,0,0,0,0,0,0,0,0,0,0,0,1,0,0,3,2,2,None,None,None,1,None,single_family,None,6526,1578,1953,585000,2013-12-02,None,"['Cardinal-Elementary-School-0772858911', 'Swanson-Middle-School-0772858951', 'Yorktown-High-School-0772859051']",9,9,9
2963529615,3200,2024-01-28 23:52:53.056992,https://www.realtor.com/realestateandhomes-detail/6028-Twenty-Six-Rd-N_Arlington_VA_22207_M94333-66663,"6028 Twenty Six Rd N Arlington, VA 22207",38.896526,-77.150093,0,0,1,1,1,0,0,0,1,1,0,0,0,0,0,0,0,0,1,0,0,0,0,0,0,0,0,0,0,0,0,0,0,0,0,0,0,0,0,0,0,0,0,0,0,0,0,0,0,0,0,0,0,0,0,0,0,0,0,0,0,0,0,0,0,0,0,0,0,0,0,0,0,0,0,0,0,0,0,0,0,0,0,0,0,3,2,2,None,None,None,None,None,single_family,None,None,1128,None,None,None,None,"['Nottingham-Elementary-School-0772858921', 'Yorktown-High-School-0772859051', 'Williamsburg-Middle-School-0772859041']",9,9,9
2963539727,3700,2024-01-28 23:52:53.056992,https://www.realtor.com/realestateandhomes-detail/7308-Braddock-Rd_Annandale_VA_22003_M64884-06609,"7308 Braddock Rd Annandale, VA 22003",38.812446,-77.197628,1,0,1,0,1,1,0,0,1,1,1,1,1,1,0,0,0,0,0,1,0,0,0,0,0,0,0,0,0,0,0,1,0,1,0,0,0,0,0,0,0,0,1,0,0,0,0,0,0,0,0,0,0,0,0,0,0,0,0,0,0,0,0,0,0,0,0,0,0,0,0,0,0,0,0,0,0,0,0,0,0,0,0,0,0,4,4,3,1,None,None,2,None,single_family,None,51527,1944,1980,365000,1988-08-26,None,"['Poe-Middle-School-0772865131', 'Annandale-High-School-0772863561', 'Braddock-Elementary-School-0772863641']",9,9,9
2963084553,4000,2024-01-28 23:52:53.056992,https://www.realtor.com/realestateandhomes-detail/1616-S-Stafford-St_Arlington_VA_22204_M58793-37304,"1616 S Stafford St Arlington, VA 22204",38.853067,-77.099006,1,0,1,0,1,0,1,0,0,1,1,1,0,0,0,0,0,0,0,0,0,0,0,0,0,0,1,0,0,0,0,0,0,1,0,0,0,0,0,0,0,0,0,0,0,0,0,0,0,0,0,0,0,0,0,0,0,0,0,0,0,0,0,0,0,0,0,0,0,0,0,0,0,0,0,0,0,0,0,0,0,0,0,1,0,5,3,3,None,None,None,None,None,single_family,None,6456,2304,1974,124000,1993-04-05,None,"['Randolph-Elementary-School-0772858701', 'Wakefield-High-School-0772859021', 'Jefferson-Middle-School-0772858851']",9,9,9
2963097623,2950,2024-01-28 23:52:53.056992,https://www.realtor.com/realestateandhomes-detail/2000-N-Vance-St_Arlington_VA_22201_M59731-48979,"2000 N Vance St Arlington, VA 22201",38.896859,-77.087399,1,0,1,1,1,1,0,1,0,1,1,0,0,0,0,1,0,0,0,1,1,1,0,0,0,0,1,0,0,0,0,0,0,0,0,0,0,0,0,0,0,0,0,0,0,0,0,0,0,0,1,0,0,0,0,0,0,0,0,0,0,0,0,0,0,0,0,0,0,0,0,0,0,0,0,0,0,0,0,0,0,0,0,0,0,2,1,1,None,None,None,None,None,single_family,None,2946,1098,1924,479000,2009-09-18,None,"['Innovation-Elementary-School-0772859111', 'Washington-Liberty-High-School-0772859031', 'Dorothy-Hamm-Middle-0772967701']",9,9,9
2963206258,1850,2024-01-28 23:52:53.056992,https://www.realtor.com/realestateandhomes-detail/8524-Canterbury-Dr_Annandale_VA_22003_M53921-44076,"8524 Canterbury Dr Annandale, VA 22003",38.812027,-77.23901,1,0,1,1,0,0,0,0,0,0,1,1,0,0,0,0,0,0,0,1,0,1,0,0,0,0,0,0,0,0,0,0,0,0,0,0,0,0,0,0,0,0,0,0,0,0,0,0,0,0,0,0,0,0,0,0,0,0,0,0,0,0,1,0,0,0,0,0,0,0,0,0,0,0,0,0,0,0,0,0,0,0,0,0,0,2,1,1,None,None,None,None,2,single_family,None,13163,2815,1964,749888,2022-11-04,None,"['Canterbury-Woods-Elementary-School-0772863741', 'Frost-Middle-School-0772864151', 'Woodson-High-School-0772865651']",9,9,9
2945430387,3300,2024-01-28 23:52:53.056992,https://www.realtor.com/realestateandhomes-detail/3100-S-Manchester-St_Falls-Church_VA_22044_M55601-02199,nan,,,0,0,0,1,0,0,0,0,0,0,0,0,1,0,0,0,0,0,0,0,0,1,0,0,0,0,1,0,0,1,0,0,0,0,0,0,0,0,0,0,0,0,0,0,0,0,0,0,0,0,0,0,0,0,0,0,0,0,0,0,1,1,1,0,0,0,0,1,0,0,0,0,0,0,0,0,0,0,0,0,0,0,0,0,1,3,2,2,None,None,None,None,None,single_family,None,None,1780,None,91500,1989-09-27,None,"['Carlin-Springs-Elementary-School-0772858811', 'Kenmore-Middle-School-0772858861', 'Washington-Liberty-High-School-0772859031']",9,9,9
2963216396,2495,2024-01-28 23:52:53.056992,https://www.realtor.com/realestateandhomes-detail/7812-Libeau-Ln_Annandale_VA_22003_M59381-40851,"7812 Libeau Ln Annandale, VA 22003",38.851144,-77.215731,0,0,0,1,1,1,0,0,0,1,1,0,0,0,0,1,1,1,1,0,0,0,0,0,1,0,0,0,1,0,0,0,0,0,0,0,0,0,0,0,0,0,0,0,0,0,0,0,0,0,0,0,0,0,0,0,0,1,0,0,0,0,0,0,0,0,0,0,0,0,0,0,0,0,0,0,0,0,0,0,0,0,0,0,0,2,3,2,1,None,None,None,None,single_family,None,None,2000,None,552500,2005-05-09,None,"['Woodburn-Elementary-School-0772865621', 'Falls-Church-High-School-0772864011', 'Jackson-Middle-School-0772864831']",9,9,9
2961864370,4800,2024-01-28 23:52:53.056992,https://www.realtor.com/realestateandhomes-detail/2400-3rd-St-N-1_Arlington_VA_22201_M95570-34210,"2400 3rd St N Unit 1 Arlington, VA 22201",38.879559,-77.085716,1,0,1,0,1,1,0,0,0,1,1,0,0,0,0,0,0,0,0,0,0,1,0,0,0,0,0,0,0,0,0,0,1,0,0,0,0,0,0,0,0,0,0,0,0,0,0,0,0,0,0,0,0,0,0,0,0,0,0,0,0,0,0,0,0,0,0,0,0,0,0,0,0,0,0,0,0,0,0,0,0,0,0,0,0,4,2,2,None,None,None,None,None,single_family,None,6700,2048,1953,None,None,None,"['Long-Branch-Elementary-School-0772858901', 'Jefferson-Middle-School-0772858851', 'Washington-Liberty-High-School-0772859031']",9,9,9
2962323978,3200,2024-01-28 23:52:53.056992,https://www.realtor.com/realestateandhomes-detail/7719-Jervis-St_Springfield_VA_22151_M62742-05824,"7719 Jervis St Springfield, VA 22151",38.810225,-77.213124,1,0,1,1,0,0,0,0,1,0,0,0,0,0,0,0,0,0,0,1,0,0,0,0,0,0,0,0,0,0,1,0,0,0,0,0,0,0,0,0,0,0,0,0,0,0,0,0,0,0,0,0,0,0,0,0,0,0,0,0,0,0,0,0,0,0,0,0,0,0,0,0,0,0,0,0,0,0,0,0,0,0,0,0,0,3,3,3,None,None,None,None,None,single_family,None,10547,1334,1959,139500,1986-12-30,None,"['North-Springfield-Elementary-School-0772865021', 'Annandale-High-School-0772863561', 'Holmes-Middle-School-0772864451']",9,9,9
2961802088,4295,2024-01-28 23:52:53.056992,https://www.realtor.com/realestateandhomes-detail/3107-9th-Rd-N_Arlington_VA_22201_M64952-42907,"3107 9th Rd N Arlington, VA 22201",38.883853,-77.095159,1,0,1,1,1,0,0,0,0,1,1,0,0,0,0,0,0,0,0,1,0,0,0,0,0,0,0,0,0,1,0,1,1,0,0,0,1,0,0,0,0,0,0,0,0,0,0,1,0,0,0,0,0,0,0,0,0,0,0,0,0,0,0,0,0,0,0,0,0,0,1,0,0,0,0,0,0,0,0,0,0,0,0,0,0,2,1,1,None,None,None,None,None,single_family,None,4332,911,1914,835000,2022-10-26,None,"['Long-Branch-Elementary-School-0772858901', 'Washington-Liberty-High-School-0772859031', 'Jefferson-Middle-School-0772858851']",9,9,9
2961862187,3500,2024-01-28 23:52:53.056992,https://www.realtor.com/realestateandhomes-detail/2537-Gallows-Rd_Dunn-Loring_VA_22027_M55480-80157,"2537 Gallows Rd Dunn Loring, VA 22027",38.887839,-77.226356,1,0,1,0,1,1,1,0,1,1,1,1,0,0,0,0,0,0,0,1,1,1,0,0,0,0,0,0,0,0,0,1,0,0,0,0,0,0,0,0,0,0,0,0,0,0,0,1,0,0,0,0,0,0,0,0,0,0,0,0,0,0,0,0,0,0,0,0,0,0,0,0,0,0,0,0,0,0,0,0,0,0,0,0,0,4,2,2,None,None,None,None,None,single_family,None,15375,1900,1930,747000,2022-04-27,None,"['Stenwood-Elementary-School-0772865311', 'Thoreau-Middle-School-0772865361', 'Marshall-High-School-0772864901']",9,9,9
